{
  "n_games": 3690,
  "total_possessions": 657455,
  "sfta_buckets": {
    "0": 588537,
    "2": 46031,
    "1": 16758,
    "3": 2803,
    "4": 2792,
    "5": 534
  },
  "end_type_counts": {
    "turnover": 94007,
    "made_fg": 309565,
    "missed_fg_rebound": 208945,
    "shooting_foul": 43015,
    "none": 1923
  },
  "no_offense_team": 281,
  "no_finisher": 1923,
  "team_possessions_min": 21208,
  "team_possessions_max": 22504,
  "team_possessions_mean": 21905.8,
  "season_possessions": {
    "2022-23": 219499,
    "2023-24": 218697,
    "2024-25": 219259
  },
  "elapsed_seconds": 200.4797739982605,
  "training_possessions": 651937,
  "training_sfta_sum": 117195,
  "raw_ft_events": 164623,
  "raw_fta_count": 233116,
  "coverage_pct": 50.27325451706447,
  "per_team_per_game_avg": 88.33834688346883,
  "per_team_per_game_min": 65,
  "per_team_per_game_max": 121,
  "embiid_2022_23_possessions": 1507,
  "embiid_2022_23_sfta_sum": 452,
  "embiid_2022_23_dist": {
    "0": 1259,
    "1": 55,
    "2": 182,
    "3": 11
  },
  "audit": {
    "n_games": 3690,
    "n_with_warnings": 3557,
    "n_fatal": 0,
    "ft_subtype_fail": 134,
    "ordering_fail": 8827,
    "missing_fouls_or_fts": 0
  }
}