feature,gain
action_type,1227175.49503088
score_margin,1027884.3496608734
shot_distance,719471.1948868036
seconds_remaining_in_period,651097.1537925005
period,161269.37524938583
home_or_away,71109.7194955349
shot_zone_basic,62339.19691133499
shot_zone_area,59221.08563232422
shot_type,39270.05209469795
in_bonus,0.0
