{
  "folds": [
    {
      "season": "2020-21",
      "lift_pct": 0.1846786367346648,
      "lift_raw_pct": 0.1800743157122131,
      "anchor": 1.025279351948473,
      "baseline": 0.17762709913780703,
      "pred_mean": 0.1778671474756784,
      "actual_mean": 0.17762709913780703,
      "params": {
        "const": -2.9271669192554626,
        "period": 0.08807889113467213,
        "seconds_remaining_in_period": -0.00013619172068310897,
        "score_margin": 9.603590093817046e-05,
        "q4_or_ot": -0.09644031923895251,
        "offense_is_home": 0.014653285498779194,
        "opp_rate_logo": 3.843733664530709,
        "crew_rate_logo": 1.9961566283042156
      }
    },
    {
      "season": "2021-22",
      "lift_pct": 0.16830902638383793,
      "lift_raw_pct": 0.18259890828868994,
      "anchor": 1.0252923907936695,
      "baseline": 0.17512389433370013,
      "pred_mean": 0.175379647054114,
      "actual_mean": 0.17512389433370013,
      "params": {
        "const": -2.8885319482009773,
        "period": 0.08632626412686539,
        "seconds_remaining_in_period": -0.00015347456454665957,
        "score_margin": 9.522382518417134e-05,
        "q4_or_ot": -0.08768522195795964,
        "offense_is_home": 0.016218175140927767,
        "opp_rate_logo": 3.9166920327268544,
        "crew_rate_logo": 1.750653722525704
      }
    },
    {
      "season": "2022-23",
      "lift_pct": 0.1697044103749657,
      "lift_raw_pct": 0.28023439284543705,
      "anchor": 1.015661543678285,
      "baseline": 0.19282603664822334,
      "pred_mean": 0.19308652921991667,
      "actual_mean": 0.19282603664822334,
      "params": {
        "const": -2.970825661820533,
        "period": 0.0859508497389327,
        "seconds_remaining_in_period": -0.00014595561391743785,
        "score_margin": 4.3459595418342443e-05,
        "q4_or_ot": -0.08975081846088115,
        "offense_is_home": 0.016495242033964422,
        "opp_rate_logo": 3.881344264608045,
        "crew_rate_logo": 2.243132128247907
      }
    },
    {
      "season": "2023-24",
      "lift_pct": 0.2542802010887422,
      "lift_raw_pct": 0.24531063197967626,
      "anchor": 1.0223840795603176,
      "baseline": 0.18055338042893967,
      "pred_mean": 0.1807819273132889,
      "actual_mean": 0.18055338042893967,
      "params": {
        "const": -2.9378860351176943,
        "period": 0.08101034936805307,
        "seconds_remaining_in_period": -0.0001436176701028178,
        "score_margin": 1.66455036819221e-05,
        "q4_or_ot": -0.08760536967604013,
        "offense_is_home": 0.01674237611582376,
        "opp_rate_logo": 3.5925731958239084,
        "crew_rate_logo": 2.4038485791137076
      }
    },
    {
      "season": "2024-25",
      "lift_pct": 0.2444407581253588,
      "lift_raw_pct": 0.23799879176257827,
      "anchor": 1.0205464011995489,
      "baseline": 0.18172511417064088,
      "pred_mean": 0.18193765604965623,
      "actual_mean": 0.18172511417064088,
      "params": {
        "const": -2.8727276369168258,
        "period": 0.07977725968295302,
        "seconds_remaining_in_period": -0.00014021029971448282,
        "score_margin": 0.00019312705112082187,
        "q4_or_ot": -0.08175285449955043,
        "offense_is_home": 0.017608898636671817,
        "opp_rate_logo": 3.9292196913971478,
        "crew_rate_logo": 1.7051909717379767
      }
    },
    {
      "season": "2025-26",
      "lift_pct": 0.15247584373907247,
      "lift_raw_pct": 0.2734180722591116,
      "anchor": 1.013052781761775,
      "baseline": 0.19329390217263456,
      "pred_mean": 0.19354651536959366,
      "actual_mean": 0.19329390217263456,
      "params": {
        "const": -3.0029404675273224,
        "period": 0.08621987852423163,
        "seconds_remaining_in_period": -0.00015319646324355953,
        "score_margin": 0.00021717963486254878,
        "q4_or_ot": -0.08776575546795187,
        "offense_is_home": 0.016379124148057332,
        "opp_rate_logo": 3.7837039126856085,
        "crew_rate_logo": 2.5274964420966253
      }
    }
  ],
  "oof_lift_pct": 0.19549069915689565,
  "features": [
    "period",
    "seconds_remaining_in_period",
    "score_margin",
    "q4_or_ot",
    "offense_is_home",
    "opp_rate_logo",
    "crew_rate_logo"
  ],
  "anchoring": "per-season mean scaling to the season's own league rate"
}