{
  "folds": [
    {
      "season": "2022-23",
      "lift_pct": 0.10830507110755336,
      "baseline": 0.17782199560585332,
      "pred_mean": 0.17789339876906857,
      "actual_mean": 0.18888408037094281
    },
    {
      "season": "2023-24",
      "lift_pct": 0.1766336985736417,
      "baseline": 0.18368185459560799,
      "pred_mean": 0.183766474073294,
      "actual_mean": 0.1771815927527383
    },
    {
      "season": "2024-25",
      "lift_pct": 0.15278512542882688,
      "baseline": 0.18305549694028275,
      "pred_mean": 0.1828411499146867,
      "actual_mean": 0.17845987083535023
    }
  ],
  "oof_mean_pred": 0.18149279275028746,
  "oof_mean_actual": 0.18152354551535338,
  "oof_lift_pct": 0.1258977603757946,
  "global_baseline": 0.18152354551535338
}