{
  "params": {
    "const": -1.8451576228722382,
    "period": 0.08034232133879876,
    "seconds_remaining_in_period": -0.00014259967930046636,
    "score_margin": 0.0028356693119052393,
    "in_bonus": -0.08752481404533072
  },
  "converged": true,
  "llf": -644598.675740509,
  "deviance": 995168.5868025175,
  "lift_pct_fold": 0.1705654686125825,
  "feature_names": [
    "const",
    "period",
    "seconds_remaining_in_period",
    "score_margin",
    "in_bonus"
  ]
}