{
  "params": {
    "const": -1.8607477232086718,
    "period": 0.08725944446862258,
    "seconds_remaining_in_period": -0.0001352496701792463,
    "score_margin": 0.0030663114297558485,
    "in_bonus": -0.09625352277517638
  },
  "converged": true,
  "llf": -660555.2063059859,
  "deviance": 1018834.8477103905,
  "lift_pct_fold": 0.09714320451221173,
  "feature_names": [
    "const",
    "period",
    "seconds_remaining_in_period",
    "score_margin",
    "in_bonus"
  ]
}