{
  "n_train_fit": 345975,
  "n_calib": 86294,
  "n_holdout": 217738,
  "holdout_make_rate": 0.4675,
  "raw": {
    "brier": 0.22427,
    "logloss": 0.63727,
    "auc": 0.6578,
    "ece": 0.00959
  },
  "calibrated": {
    "brier": 0.22422,
    "logloss": 0.63836,
    "auc": 0.65762,
    "ece": 0.00421
  }
}