{
  "n_train_fit": 345975,
  "n_calib": 86294,
  "n_holdout": 217738,
  "holdout_make_rate": 0.4675,
  "raw": {
    "brier": 0.22126,
    "logloss": 0.62972,
    "auc": 0.6707,
    "ece": 0.00789
  },
  "calibrated": {
    "brier": 0.22126,
    "logloss": 0.63027,
    "auc": 0.67058,
    "ece": 0.00395
  }
}